{
	"$schema": "https://schemas.wp.org/trunk/theme.json",
	"version": 3,
	"title": "Familjen & Arimo (Sans/Sans) (Professional)",
	"personality": [
		"professional"
	],
	"keywords": [
		"sans-serif",
		"grotesque",
		"modern",
		"clean",
		"neutral",
		"geometric",
		"magazine",
		"light"
	],
	"settings": {
		"typography": {
			"fontFamilies": [
				{
					"fontFace": [
						{
							"src": "https://fonts.wp.com/s/familjengrotesk/v8/Qw3LZR9ZHiDnImG6-NEMQ41wby8WRnYsfkunR_eGfMGJaSzoc1jcEYq2.woff2",
							"fontWeight": "400",
							"fontStyle": "normal",
							"fontFamily": "Familjen Grotesk"
						},
						{
							"src": "https://fonts.wp.com/s/familjengrotesk/v8/Qw3LZR9ZHiDnImG6-NEMQ41wby8WRnYsfkunR_eGfMG7aSzoc1jcEYq2.woff2",
							"fontWeight": "500",
							"fontStyle": "normal",
							"fontFamily": "Familjen Grotesk"
						},
						{
							"src": "https://fonts.wp.com/s/familjengrotesk/v8/Qw3LZR9ZHiDnImG6-NEMQ41wby8WRnYsfkunR_eGfMFXbizoc1jcEYq2.woff2",
							"fontWeight": "600",
							"fontStyle": "normal",
							"fontFamily": "Familjen Grotesk"
						},
						{
							"src": "https://fonts.wp.com/s/familjengrotesk/v8/Qw3LZR9ZHiDnImG6-NEMQ41wby8WRnYsfkunR_eGfMFubizoc1jcEYq2.woff2",
							"fontWeight": "700",
							"fontStyle": "normal",
							"fontFamily": "Familjen Grotesk"
						},
						{
							"src": "https://fonts.wp.com/s/familjengrotesk/v8/Qw31ZR9ZHiDnImG6-NEMQ41wby8WbH8egZPOLG0oe9RBKsSueVn-FJq2Rv4.woff2",
							"fontWeight": "400",
							"fontStyle": "italic",
							"fontFamily": "Familjen Grotesk"
						},
						{
							"src": "https://fonts.wp.com/s/familjengrotesk/v8/Qw31ZR9ZHiDnImG6-NEMQ41wby8WbH8egZPOLG0oe9RBKvaueVn-FJq2Rv4.woff2",
							"fontWeight": "500",
							"fontStyle": "italic",
							"fontFamily": "Familjen Grotesk"
						},
						{
							"src": "https://fonts.wp.com/s/familjengrotesk/v8/Qw31ZR9ZHiDnImG6-NEMQ41wby8WbH8egZPOLG0oe9RBKhqpeVn-FJq2Rv4.woff2",
							"fontWeight": "600",
							"fontStyle": "italic",
							"fontFamily": "Familjen Grotesk"
						},
						{
							"src": "https://fonts.wp.com/s/familjengrotesk/v8/Qw31ZR9ZHiDnImG6-NEMQ41wby8WbH8egZPOLG0oe9RBKiOpeVn-FJq2Rv4.woff2",
							"fontWeight": "700",
							"fontStyle": "italic",
							"fontFamily": "Familjen Grotesk"
						}
					],
					"fontFamily": "\"Familjen Grotesk\", sans-serif",
					"name": "Familjen Grotesk",
					"slug": "familjen-grotesk"
				},
				{
					"fontFace": [
						{
							"src": "https://fonts.wp.com/s/arimo/v29/P5sfzZCDf9_T_3cV7NCUECyoxNk37cxsAhDAVQI4aA.woff2",
							"fontWeight": "400",
							"fontStyle": "normal",
							"fontFamily": "Arimo"
						},
						{
							"src": "https://fonts.wp.com/s/arimo/v29/P5sfzZCDf9_T_3cV7NCUECyoxNk338xsAhDAVQI4aA.woff2",
							"fontWeight": "500",
							"fontStyle": "normal",
							"fontFamily": "Arimo"
						},
						{
							"src": "https://fonts.wp.com/s/arimo/v29/P5sfzZCDf9_T_3cV7NCUECyoxNk3M8tsAhDAVQI4aA.woff2",
							"fontWeight": "600",
							"fontStyle": "normal",
							"fontFamily": "Arimo"
						},
						{
							"src": "https://fonts.wp.com/s/arimo/v29/P5sfzZCDf9_T_3cV7NCUECyoxNk3CstsAhDAVQI4aA.woff2",
							"fontWeight": "700",
							"fontStyle": "normal",
							"fontFamily": "Arimo"
						},
						{
							"src": "https://fonts.wp.com/s/arimo/v29/P5sdzZCDf9_T_10c3i9MeUcyat4iJY-ERBrBdwcoaKww.woff2",
							"fontWeight": "400",
							"fontStyle": "italic",
							"fontFamily": "Arimo"
						},
						{
							"src": "https://fonts.wp.com/s/arimo/v29/P5sdzZCDf9_T_10c3i9MeUcyat4iJY-2RBrBdwcoaKww.woff2",
							"fontWeight": "500",
							"fontStyle": "italic",
							"fontFamily": "Arimo"
						},
						{
							"src": "https://fonts.wp.com/s/arimo/v29/P5sdzZCDf9_T_10c3i9MeUcyat4iJY9aQxrBdwcoaKww.woff2",
							"fontWeight": "600",
							"fontStyle": "italic",
							"fontFamily": "Arimo"
						},
						{
							"src": "https://fonts.wp.com/s/arimo/v29/P5sdzZCDf9_T_10c3i9MeUcyat4iJY9jQxrBdwcoaKww.woff2",
							"fontWeight": "700",
							"fontStyle": "italic",
							"fontFamily": "Arimo"
						}
					],
					"fontFamily": "\"Arimo\", sans-serif",
					"name": "Arimo",
					"slug": "arimo"
				}
			],
			"fontSizes": [
				{
					"name": "Small",
					"size": "15px",
					"slug": "small",
					"fluid": {
						"min": "14px",
						"max": "15px"
					}
				},
				{
					"name": "Medium",
					"size": "18px",
					"slug": "medium",
					"fluid": {
						"min": "17px",
						"max": "18px"
					}
				},
				{
					"name": "Large",
					"size": "32px",
					"slug": "large",
					"fluid": {
						"min": "24px",
						"max": "32px"
					}
				},
				{
					"name": "Extra Large",
					"size": "66px",
					"slug": "x-large",
					"fluid": {
						"min": "40px",
						"max": "66px"
					}
				},
				{
					"name": "2X Large",
					"size": "74px",
					"slug": "xx-large",
					"fluid": {
						"min": "44px",
						"max": "74px"
					}
				},
				{
					"name": "3X Large",
					"size": "148px",
					"slug": "xxx-large",
					"fluid": {
						"min": "40px",
						"max": "148px"
					}
				}
			]
		}
	},
	"styles": {
		"blocks": {
			"core/site-title": {
				"typography": {
					"fontSize": "24px",
					"fontFamily": "var(--wp--preset--font-family--familjen-grotesk)",
					"fontWeight": "400",
					"lineHeight": {
						"ref": "styles.blocks.core/navigation.typography.lineHeight"
					}
				}
			},
			"core/navigation": {
				"typography": {
					"fontSize": "var(--wp--preset--font-size--medium)",
					"fontFamily": "var(--wp--preset--font-family--arimo)",
					"fontWeight": "400",
					"lineHeight": "1.4"
				}
			},
			"core/site-tagline": {
				"typography": {
					"fontSize": "var(--wp--preset--font-size--medium)",
					"fontFamily": "var(--wp--preset--font-family--arimo)",
					"fontWeight": "400"
				}
			}
		},
		"elements": {
			"button": {
				"typography": {
					"fontSize": "var(--wp--preset--font-size--medium)",
					"fontFamily": "var(--wp--preset--font-family--arimo)",
					"fontWeight": "400"
				}
			},
			"heading": {
				"typography": {
					"fontFamily": "var(--wp--preset--font-family--familjen-grotesk)",
					"fontWeight": "400",
					"lineHeight": "1.2",
					"letterSpacing": "-0.02em"
				}
			},
			"h1": {
				"typography": {
					"fontSize": "var(--wp--preset--font-size--xx-large)"
				}
			},
			"h2": {
				"typography": {
					"fontSize": "var(--wp--preset--font-size--x-large)"
				}
			},
			"h3": {
				"typography": {
					"fontSize": "var(--wp--preset--font-size--large)",
					"letterSpacing": "-0.01em",
					"fontWeight": "400"
				}
			},
			"h4": {
				"typography": {
					"fontSize": "var(--wp--preset--font-size--large)",
					"letterSpacing": "-0.01em",
					"fontWeight": "400"
				}
			},
			"h5": {
				"typography": {
					"fontSize": "var(--wp--preset--font-size--large)",
					"letterSpacing": "-0.01em"
				}
			},
			"h6": {
				"typography": {
					"fontSize": "var(--wp--preset--font-size--large)",
					"letterSpacing": "-0.01em"
				}
			}
		},
		"typography": {
			"fontFamily": "var(--wp--preset--font-family--arimo)",
			"fontSize": "var(--wp--preset--font-size--medium)",
			"fontWeight": "400",
			"lineHeight": "1.55",
			"letterSpacing": "0"
		}
	}
}
